Title,Country
OSHI NO KO,Japan
100 días para enamorarnos,Argentina
13 Reasons Why,United States
19-2 (2014),Canada
3%,Brazil
3 Below,United States
4 Blocks,Germany
44 Cats,Italy
5 Ways To Socially Exclude My Husband,Japan
60 Days In,United States
7 SEEDS,Japan
99.9 Criminal Lawyer,Japan
A Different World,United States
A Discovery of Witches,United Kingdom
A Polish Family,Poland
A Pub from a Different World,Japan
A Series of Unfortunate Events,United States
A.P. Bio,United States
Abby Hatcher,United States
Ackley Bridge,United Kingdom
Action Pack,United States
"Ada Twist, Scientist",United States
Adventure by Accident,South Korea
Adventure Time,United States
After Life,United Kingdom
Aggretsuko,Japan
Ainori Love Wagon,Japan
Aiseki Shokudo,Japan
AJIN: Demi-Human,Japan
Alaskan Bush People,United States
Alchemy of Souls,South Korea
Alexa & Katie,United States
Alice in Borderland,Japan
Alien TV,Australia
All American,United States
All American,United States
All Hail King Julien,United States
Alpha Males,Spain
AlRawabi School for Girls,Jordan
Altered Carbon,United States
ALVINNN!!! And the Chipmunks,France
Always a Witch,Colombia
AMERICA'S SWEETHEARTS: Dallas Cowboys Cheerleaders,United States
An Astrological Guide for Broken Hearts,Italy
Ancient Aliens,United States
Angry Birds: Summer Madness,Finland
Animal Kingdom,United States
Animal,South Korea
Anne with an E,Canada
Another Life,Canada
Another Self,Turkey
Aquarius (2015),United States
Aquí no hay quien viva (2003),Spain
Arab Maklum: Season 1,Indonesia
Arcane,France
Archer (2009),United States
Archibald's Next Big Thing,United States
Archiwista (2020),Poland
Ari Shaffir: Double Negative: Collection,United States
Arifureta: From Commonplace to World's Strongest,Japan
Arrested Development,United States
Arrow,United States
As the Crow Flies,Turkey
Ashley Garcia: Genius in Love,United States
Ask the StoryBots,United States
Assassination Classroom,Japan
Attack on Titan,Japan
Atypical,United States
Avatar: The Last Airbender (2005),United States
The Beginning,Japan
Baby Fever,Denmark
Baby Shark Best Sing-Along Songs,South Korea
Baby,Italy
Back to 15,Brazil
Back,United Kingdom
Backlash 2025,Australia
Bad Education,United Kingdom
Bad Exorcist,Poland
Bake Squad,United States
Baki Hanma,Japan
BAKI,Japan
Ballers,United States
Bandidos,Mexico
Barbarians // Barbaren,Germany
Barbecue Showdown,United States
Barbie Dreamhouse Adventures: Go Team Roberts,United States
Barbie Dreamhouse Adventures,United States
Barbie: A Touch of Magic,United States
Barbie: It Takes Two,United States
Barracuda Queens,Sweden
"BASTARD‼ -Heavy Metal, Dark Fantasy-",Japan
Batwheels,United States
BEASTARS,Japan
Beat Bugs,Australia
Bebefinn,South Korea
Below Deck,United States
Ben & Holly's Little Kingdom,United Kingdom
Ben 10 (2005),United States
Benidorm (2007),United Kingdom
Benjamin Blümchen (2002),Germany
Best in Miniature,Canada
Better Call Saul,United States
Between,Canada
BG Personal Bodyguard,Japan
Bibi & Tina (2004),Germany
Bibi Blocksberg,Germany
Big Mouth,United States
Big Timber,Canada
Billions,United States
Biohackers,Germany
Bitter Daisies,Spain
Black Butler ,Japan
Black Clover,Japan
Black Forceps,Japan
Black Lightning,United States
Black Mirror,United Kingdom
Black Sails,United States
Black Summer,United States
Blindspot (2015),United States
Bling Empire,United States
Blippi's Adventures,United States
Blood & Water,South Africa
Blood for Blood,Poland
Blood of Zeus,United States
Bloodline,United States
Blown Away,Canada
Blue Mountain State,United States
Blue's Clues & You!,United States
Bobo Dormouse,Germany
BoBoiBoy,Malaysia
BoJack Horseman,United States
Bollywed,Canada
BONDING,United States
Bonus Family,Sweden
Booba,Russia
Boomers,United Kingdom
Borgen,Denmark
Boruto,Japan
Botched,United States
Brassic,United Kingdom
Bread Barbershop,South Korea
Break Point,United Kingdom
Breaking Bad,United States
Breeders,United Kingdom
Bridgerton,United States
Brooklyn Nine-Nine,United States
Brotherhood,Brazil
Buddi,United Kingdom
Bungo Stray Dogs ,Japan
Bunk'd,United States
Buried Truth,Switzerland
Busted!,South Korea
Buying Beverly Hills,United States
By the Grace of the Gods,Japan
Cable Girls,Spain
Call My Agent!,France
Call the Midwife,United Kingdom
Capitani,Luxembourg
Captain Tsubasa,Japan
Car Masters: Rust to Riches,United States
Care Bears & Cousins,United States
Carmen Sandiego,Canada
Castlevania: Nocturne,United States
Castlevania,United States
Catching Killers,United States
Centaurworld,United States
Chappelle's Show,United States
Charmed (2018),United States
Checkout,Israel
Cheer,United States
Chef's Table,United States
Chesapeake Shores,Canada
Chicago Party Aunt,United States
Chico Bon Bon: Monkey with a Tool Belt,United States
Chief of Staff,South Korea
Children Ruin Everything,Canada
Chilling Adventures of Sabrina,United States
Chip and Potato,Canada
Chucky,United States
Cinderella Chef,China
Classroom of the Elite,Japan
Cleo & Cuquin,Spain
Close Murders,Italy
Club de Cuervos,Mexico
Cobra Kai,United States
CoComelon Lane,United States
CoComelon,United States
Code Geass,Japan
Cold Case ,Japan
Control Z,Mexico
Creeped Out,United Kingdom
Criminal Code,Brazil
Criminal: UK,United Kingdom
Crims (2020),Spain
Cry Babies Magic Tears,United Kingdom
CSI: Crime Scene Investigation,United States
Cupcake & Dino - General Services,Brazil
Curious Como,South Korea
Curious George,United States
D.P.,South Korea
Danger Mouse,United Kingdom
Daniel Spellbound,United States
Dark Desire,Mexico
Dark Winds,United States
Dark,Germany
Das Boot (2018),Germany
Daughter From Another Mother,Mexico
Dawn of the Croods,United States
DC's Legends of Tomorrow,United States
Dead End: Paranormal Park,United States
Dead to Me,United States
Deadliest Catch,United States
Deadwind,Finland
Deepa & Anoop,United States
Degrassi: Next Class,Canada
Delhi Crime,India
Departure,Canada
Der Tatortreiniger,Germany
Derek,United Kingdom
Derry Girls,United Kingdom
Designated Survivor,United States
Detective Conan,Japan
Detectorists,United Kingdom
Detroiters,United States
Dew Drop Diaries,United States
Dexter,United States
DI4RIES,Italy
Diablero,Mexico
Diary Of Tootsies,Thailand
Dino Girl Gauko,Japan
Dino Pororo,South Korea
Dino Pororo,South Korea
Dinosaur Train,United States
Dinotrux,United States
Dirk Gently's Holistic Detective Agency,United States
Dirty Jobs,United States
Dirty Money,United States
Disenchantment,United States
Disjointed,United States
Doctor X Surgeon Michiko Daimon,Japan
Dogs in Space,Canada
Dope,United States
Doppelhaushälfte,Germany
Doraemon,Japan
DOTA: Dragon's Blood,South Korea
Down to Earth with Zac Efron,United States
Downton Abbey,United Kingdom
Dr. Coto's Clinic,Japan
Dr. Romantic ,South Korea
Dr.STONE,Japan
Dragon Ball Super,Japan
Dragon Ball Z,Japan
Dragons: Race to the Edge,United States
Dragons: Rescue Riders,United States
Drake & Josh,United States
Dream Home Makeover,United States
Drug Lords,United States
Dubai Bling,United Arab Emirates
Dynasty,United States
Easy,United States
Edgar Rice Burroughs' Tarzan and Jane,United States
Ejen Ali,Malaysia
El Chapo,United States
El Dragón: Return of a Warrior,Mexico
El marginal,Argentina
El príncipe,Spain
Elefantastisch,Denmark
Elite,Spain
Emily in Paris,United States
Envious,Argentina
Eva Lasting,Colombia
Evening Drink Style,Japan
Every Family Has A Secret,Australia
Everything Calls for Salvation,Italy
Evil (2019),United States
Exorcist,Poland
Express,Spain
F is for Family,United States
Fabulous Lives of Bollywood Wives,India
Face Off (2011),United States
Fairy Tail,Japan
Falsa identidad,Mexico
Family Business,France
Family Reunion,United States
Fary: Hexagone,France
Fast & Furious Spy Racers,United States
Fastest Car,United States
Fat Friends,United Kingdom
Fate: The Winx Saga,United Kingdom
Fate/Apocrypha,Japan
Fauda,Israel
Fear the Walking Dead,United States
Feel Good,United Kingdom
Finding Ola,Egypt
Fire Country,United States
Fire Force,Japan
Firefly Lane,United States
First Wives Club,United States
Fisk,Australia
Flaked,United States
Floor Is Lava,United States
Forest of Piano,Japan
Formula 1: Drive to Survive,United Kingdom
Fragrance of the First Flower,Taiwan
Framed! A Sicilian Murder Mystery,Italy
Free Rein,United Kingdom
Fresh Meat,United Kingdom
Friday Night Dinner,United Kingdom
Friends (1994),United States
Friends from College,United States
From Me to You: Kimi ni Todoke,Japan
Frontier,Canada
Fruits Basket,Japan
FUBAR,United States
Full Speed,United States
Full Swing,United States
Fuller House,United States
Fullmetal Alchemist: Brotherhood,Japan
Gabby's Dollhouse,United States
Galileo,Japan
Galinha Pintadinha Mini,Brazil
Ganglands,France
Gangs of London,United Kingdom
Get Organized with The Home Edit,United States
Ghost in the Shell: SAC_2045,Japan
Ghosts (2021),United States
Gigantosaurus,France
Gilmore Girls,United States
Gin Tama,Japan
Ginny & Georgia,United States
Girl from Nowhere,Thailand
Girlfriends (2000),United States
Girls Incarcerated,United States
Girls5eva,United States
Glitch Techs,United States
Glitch,Australia
Glow Up,United Kingdom
GLOW,United States
Go Dog Go,United States
Go! Go! Cory Carson,United States
Go! Live Your Way,Argentina
Gogglebox,United Kingdom
Gogo Dino Explorers ,South Korea
Gold Rush (2010),United States
Golden Kamuy,Japan
Gomorrah,Italy
Good Girls,United States
Good Morning Call,Japan
"Good Morning, Verônica",Brazil
Good Witch (2015),Canada
Gossip Girl (2007),United States
Grace and Frankie,United States
Graveyard,Turkey
Great British Baking Show: Juniors,United Kingdom
Great Pretender,Japan
Green Eggs and Ham,United States
Greenhouse Academy,United States
Greenleaf,United States
Grey's Anatomy,United States
Grizzy and the Lemmings,France
Gyeongseong Creature,South Korea
H2O: Just Add Water,Australia
H2O: Mermaid Adventures,Australia
Hache,Spain
Hacks,United States
Hanadai Chidori,Japan
Hannibal,United States
Happy!,United States
Hardball (2019),Australia
Harvey Girls Forever!,United States
Haters Back Off,United States
Haunted,Czech Republic
He Who Can't Marry,Japan
He-Man and the Masters of the Universe,United States
He’s Into Her,Philippines
Heartbreak High,Australia
Heartland (2007),Canada
Heartstopper,United Kingdom
Heels,United States
Heidi (2015),Germany
Hellbound,South Korea
Hello Ninja,United States
"Hello, My Twenties!",South Korea
Henry Danger,United States
Hey Duggee,United Kingdom
Hi Score Girl,Japan
High Seas,Spain
High Tides,Belgium
Hilda,United Kingdom
Hit and Miss Tour,South Korea
Holly Hobbie,Canada
Holy Family,Spain
Home for Christmas,Norway
Home Improvement,United States
Hormones,Thailand
Horrid Henry,United Kingdom
Hospital Playlist,South Korea
Hot Wheels Let's Race,United States
House of Cards,United States
"House, M.D",United States
How a Realist Hero Rebuilt the Kingdom,Japan
How I Met Your Mother,United States
How to Become Ordinary,Japan
How to Get Away With Murder,United States
How to Ruin Christmas ,South Africa
How to Sell Drugs Online (Fast),Germany
Hozuki's Coolheadedness,Germany
Human Resources,United States
Hunter X Hunter (2011),Japan
I AM A KILLER,United Kingdom
I Am Georgina,Spain
I Am Nobody,China
I Cesaroni,Italy
I Hate Christmas,Italy
I Think You Should Leave with Tim Robinson,United States
I Woke Up A Vampire,Canada
iCarly (2007),United States
Il collegio,Italy
In Another World With My Smartphone,Japan
In the Dark (2019),United States
Indian Matchmaking,United States
Ingobernable,Mexico
Insatiable,United States
Insecure,United States
Inside Job,United States
Inside the World’s Toughest Prisons,United Kingdom
Inside,United Kingdom
Inspector Gadget,Canada
Inspector George Gently,United Kingdom
Intelligence (2020),United Kingdom
Intersection,Turkey
Into the Badlands,United States
Into the Night,Belgian
InuYasha,Japan
Invisible City,Brazil
Iron Man,United States
Is It Cake?,United States
Is It Wrong to Try to Pick Up Girls in a Dungeon?,Japan
It's Always Sunny in Philadelphia,United States
Izzy's Koala World,Australia
Jack Whitehall: Travels with My Father,United Kingdom
Jamtara - Sabka Number Ayega,India
Johnny Test (2005),United States
Johnny Test,United States
Jujutsu Kaisen,Japan
Jurassic World Camp Cretaceous,United States
Jurassic World: Chaos Theory,United States
Justice League Unlimited,United States
Justice League,United States
Justin Time (2011),Canada
K-foodie meets J-foodie,South Korea
Kakegurui,Japan
Karate Sheep,France
Karma's World,United States
Kath and Kim,Australia
Katuri,South Korea
Kau vs Aku,Malaysia
Kaulitz & Kaulitz,Germany
Keeping Up with the Kardashians,United States
Kevin Can F**k Himself,United States
Kibaoh Klashers,China
Kid Cosmic,United States
Killing Eve,United Kingdom
Kim's Convenience,Canada
Kin,Ireland
King of Collectibles: The Goldin Touch,United States
Kingdom,South Korea
Kingdom,South Korea
Kings of Jo'Burg,South Korea
Kinnikuman Perfect Origin Arc,Japan
Kipo and the Age of Wonderbeasts,United States
Kleo,Germany
Kong: King of the Apes,United States
Kongsuni and Friends,South Korea
KonoSuba: God's Blessing on This Wonderful World! ,Japan
Kota Factory,India
Kübra,Turkey
Kung Fu Panda: The Dragon Knight,United States
Kuroko's Basketball,Japan
Kuromukuro,Japan
La Brea,United States
La piloto,Mexico
La Reina del Sur,Spain
Laid-Back Camp,Japan
Land of Wolves: Tierra De Lobos,Spain
Larva Island,South Korea
Las muñecas de la mafia,Colombia
Last Chance U: Basketball,United States
Last Chance U: EMCC,United States
Last Chance U: INDY,United States
Last One Standing,Japan
Legacies,United States
LEGO Bionicle: The Journey to One,United States
LEGO Friends: Girls on a Mission,United States
LEGO Ninjago: Dragons Rising,United States
LEGO Ninjago,United States
LEGO: City Adventures,United States
LEGO® Friends The Next Chapter,United States
Letterkenny,Canada
Lilyhammer,Norway
Line of Duty,United Kingdom
Little Angel,Canada
Little Baby Bum: Music Time,United Kingdom
Little Baby Bum: Nursery Rhyme Friends,United Kingdom
Little Basha,Poland
Little Things,India
Little Witch Academia,Japan
Llama Llama,United States
Locke & Key,United States
Locked Up,Spain
Lopez vs. Lopez,United States
Los Misterios De Laura,Spain
Lost (2004),United States
Lost in Space,United States
Lottie Dottie Chicken,Brazil
Loudermilk,United States
Love (ft. Marriage and Divorce),South Korea
Love & Anarchy,Sweden
Love & Hip Hop Atlanta,United States
Love & Hip Hop New York,United States
Love 101,Turkey
Love Alarm,South Korea
Love Deeply!,Japan
Love Destiny,Thailand
Love Is Blind: Brazil,Brazil
Love Is Blind,United States
Love is Blind: Sweden,Sweden
Love Never Lies: Poland,Poland
Love on the Spectrum: Australia,Australia
Love on the Spectrum,United States
Love Rats,United Kingdom
Love Village,Japan
"Love, Death & Robots",United States
Love,United States
Lucifer,United States
Luis Miguel - The Series,United States
Luna Park,Italy
Lupin,France
Mad Men,United States
Madam Secretary,United States
Maestro in Blue,Greece
Magic for Humans,United States
Making a Murderer,United States
Mako Mermaids: An H2O Adventure,Australia
Man Like Mobeen,United Kingdom
Manifest,United States
Marcella,United Kingdom
Marco Polo,United States
Married at First Sight,United States
Married with Children (2005),Argentina
Marseille,France
Martin,United States
Mary Kills People (2017),Canada
Masaba Masaba,India
Masha and the Bear,Russia
Master of None,United States
MeatEater,United States
Mechamato The Animated Series,Malaysia
Meekah,Colombia
Merlí. Sapere Aude,Spain
MF Ghost,Japan
Mia and Me,Germany
Midnight at the Pera Palace,Turkey
Midnight Diner,Japan
Midnight Diner: Tokyo Stories,Japan
Mighty Express,Canada
Mighty Little Bheem,India
Mighty Monsterwheelies,United States
Mighty Morphin Power Rangers,United States
Minato’s Laundromat,Japan
MINDHUNTER,United States
Miraculous: Tales of Ladybug & Cat Noir,France
Mismatched,India
Mo,United States
Mob Psycho 100,Japan
Mobile Suit Gundam The Witch From Mercury,Japan
Modus,Sweden
Molang,France
Monarca,Mexico
Money Heist: From Tokyo to Berlin,Spain
Money Heist,Spain
Monk,United States
Mord mit Aussicht,Germany
Mortel,France
Mother Goose Club,United States
Motherland,United Kingdom
Motown Magic,Australia
Mr. Bean,United Kingdom
Mr. D,United States
Mr. Iglesias,United States
Mulligan,United States
Murdaugh Murders: A Southern Scandal,United States
Mushoku Tensei: Jobless Reincarnation,Japan
My Close Friend Min Jjeomi,South Korea
My Dad the Bounty Hunter,United States
My First First Love,South Korea
My Happy Marriage,Japan
My Hero Academia,Japan
My Little Pony: Friendship Is Magic,United States
My Little Pony: Tell Your Tale,United States
My Lover My Killer,United Kingdom
My Next Guest Needs No Introduction With David Letterman,United States
My Teen Romantic Comedy SNAFU,Japan
My Unorthodox Life,United States
My Wife and Kids,United States
Nailed It! Holiday!,United States
Nailed It!,United States
Narcos: Mexico,Mexico
Narcos,United States
Naruto Shippuden,Japan
Naruto,Japan
Nate Is Late,France
NCIS,United States
Never Have I Ever,United States
New Amsterdam (2018),United States
New School,Italy
Next in Fashion,United States
"Nicky, Ricky, Dicky & Dawn",United States
Night and Day,Spain
No Doubt in Us,China
No Good Nick,United States
Norsemen,Norway
Not Quite Narwhal,United States
Nothing to See Here,Mexico
Octonauts: Above & Beyond,United Kingdom
Octonauts,United Kingdom
Odd Squad,Canada
Oddballs,United States
Oggy Oggy,France
Old Enough!,Japan
On My Block,United States
Once Upon A Time,Malaysia
One Against All,Brazil
One Day at a Time,United States
One of Us Is Lying,United States
ONE PIECE: Whole Cake Island,Japan
One-Punch Man,Japan
Orange Is the New Black,United States
Orphan Black,Canada
Outer Banks,United States
Outlander,United States
Outlast,United States
Outnumbered (2007),United Kingdom
Overlord ,Japan
Ozark,United States
P-Valley,United States
Pacific Rim: The Black,United States
Pagan Peak,Germany
Pantheon,United States
Paquita Salas,Spain
Paradise PD,United States
Parenthood (2010),United States
Partners for Justice,South Korea
Pasión de Gavilanes,Colombia
Pastewka,Germany
PAW Patrol,Canada
Peaky Blinders,United Kingdom
Peep Show,United Kingdom
People Just Do Nothing,United Kingdom
Peppa Pig,United Kingdom
Perfect Match,United States
Pernille,Norway
Pesadilla en la Cocina,Spain
Peter Rabbit,United Kingdom
Physical: 100,South Korea
Pinky Malinky,United States
PJ Masks,France
Pocoyo,Spain
Poldark (2015),United Kingdom
Ponysitters Club,Canada
Power (2014),United States
Power Rangers Dino Fury,United States
Power Rangers Ninja Steel,United States
Preacher,United States
Princess Power,United States
Prison Break,United States
Project Mc².,United States
Project Runway,United States
Psych,United States
Puffin Rock,Ireland
Pup Academy,Canada
Queen of the South,United States
Queer Eye,United States
Rabbids Invasion,France
Radiation House,Japan
Ragnarok,Norway
Rainbow High,United States
Raising Dion,United States
Rampas Cintaku,Malaysia
Rana Naidu,India
Ranczo,Poland
Ranking of Kings,Japan
Ransom,Canada
Reba,United States
Rebelde Way (2002),Argentina
Rebelde,Mexico
Rebellion,Ireland
Reboot,Canada
Recommendations for Solo Live Girls,Japan
Record of Ragnarok,Japan
Regular Show,United States
Represent,France
Resident Alien,United States
Rhyme Time Town,United States
Rhythm + Flow France,France
Rhythm + Flow Italy,Italy
Rhythm + Flow,United States
"Rich House, Poor House",United Kingdom
Richie Rich,United States
Rick and Morty,United States
Ridley Jones,United States
Ripper Street,United Kingdom
Rising Impact,Japan
Rita,Denmark
Riverdale,United States
Riviera (2017),United Kingdom
Robocar Poli,South Korea
Robozuna,United Kingdom
Rookie Blue,Canada
Rosario Tijeras (Mexico),Mexico
"Roswell, New Mexico",United States
Rugrats (1991),United States
Running Errands,Turkey
Russian Doll,United States
Rust Valley Restorers,Canada
S.W.A.T. (2017),United States
Sacred Games,India
Sailor Moon Crystal,Japan
SAINT SEIYA: Knights of the Zodiac,Japan
SamSam (2007),France
Samurai Rabbit: The Usagi Chronicles,United States
Santa Clarita Diet,United States
Savage Beauty,South Africa
Scandal (2012),United States
Schitt's Creek,Canada
Scissor Seven,China
Scooby-Doo!: Mystery Incorporated,United States
Screwballs,South Korea
Secrets of Summer,Argentina
Seinfeld,United States
Selena,United States
Selling Sunset,United States
Selling The OC,United States
Señora Acero,Mexico
Sense8,United States
Seraph of the End,Japan
Sex and the City,United States
Sex Education,United Kingdom
Sex/Life,United States
Sexify,Poland
Shadow and Bone,United States
Shadowhunters: The Mortal Instruments,United States
Shahmaran,Turkey
Shameless (U.S.),United States
Shameless,United Kingdom
Shangri-La Frontier,Japan
Sharkdog,United States
Shaun the Sheep,United Kingdom
She-Ra and the Princesses of Power,United States
She,India
Sherlock (2010),United Kingdom
Shimajiro: A Wonderful Adventure,Japan
Sick Note,United Kingdom
Signs,Poland
Simon (2016),France
Sin senos sí hay paraíso,Colombia
Single’s Inferno,South Korea
Sintonia,Brazil
Six Feet Under,United States
Six Nations: Full Contact,United Kingdom
SKAM Italia,Italy
Skins (2007),United Kingdom
Sky Rojo,Spain
Skylanders Academy,France
Slam Dunk,Japan
Smother-in-Law,Brazil
Snabba Cash,Sweden
Snatch,United Kingdom
Snowpiercer,United States
Solitary Gourmet,Japan
Somebody Feed Phil,United States
Son of a Critch,Canada
Sonic Boom,United States
Sonic Prime,Canada
Space Force,United States
Spec～birth,Japan
Spirit Rangers,United States
Spirit Riding Free,United States
SpongeBob SquarePants:,United States
SPRINT,United States
Spy Kids: Mission Critical,Canada
SPY x FAMILY,Japan
Squid Game,South Korea
Star Trek: Deep Space Nine,United States
Star Trek: Enterprise,United States
Star Trek: Prodigy,United States
Star Trek,United States
Star Trek: The Next Generation,United States
Star Trek: Voyager,United States
StarBeam,Canada
Stath Lets Flats,United Kingdom
Steven Universe,United States
Still Game,Scotland
StoryBots: Answer Time,United States
"StoryBots: Laugh, Learn, Sing",United States
Stranded with my Mother-in-Law,Brazil
Stranger Things ,United States
Stranger,South Korea
Strawberry Shortcake: Berry in the Big City,Canada
Stretch Armstrong & the Flex Fighters,United States
Suburbia - Women on the Edge,Austria
Suburra: Blood on Rome,Italy
Sugar Rush Christmas,United States
Sugar Rush,United States
Sugar Rush: The Baking Point,Mexico
Suits (2011),United States
Sullivan's Crossing,Canada
Summertime,Italy
Sunderland 'Til I Die,United Kingdom
Sunny Bunnies,Belarus
Supa Team 4,Zambia
Super Monsters,United States
Superbro,Australia
Supergirl,United States
Supernatural (2005),United States
Superstore,United States
Survival of the Thickest,United States
Surviving Summer,Australia
Swap Shop,United States
Sweet Home,South Korea
Sweet Magnolias,United States
Sweet Tooth,New Zealand
Tacoma FD,United States
Tails of Tales,South Korea
Talking Tom and Friends,Slovenia
Taskmaster (2015),United Kingdom
Taxi Driver ,South Korea
Tayo The Little Bus,South Korea
Team Kaylie,United States
Team Zenko Go,United States
Teen Titans Go!,United States
Teenage Mutant Ninja Turtles (2012),United States
Temple,United Kingdom
Tengu’s Kitchen,Japan
Terrace House: Aloha State,Japan
Terrace House: Boys & Girls in the City,Japan
Terrace House: Opening New Doors,Japan
Tex Mex Motors,United States
"Thank You, Next",Turkey
That '90s Show,United States
That Girl Lay Lay,United States
That Time I Got Reincarnated as a Slime,Japan
The 100,United States
The A List,United Kingdom
The Adventures of Paddington,United Kingdom
The Adventures of Puss in Boots,United States
The Adventures of Tintin,France
The Amazing World of Gumball,United Kingdom
The Apothecary Diaries,Japan
The Baby-Sitters Club,United States
The Batman,United States
The Beauty Queen of Jerusalem,Israel
The Bernie Mac Show,United States
The Big Bang Theory,United States
The Big Family Cooking Showdown,United Kingdom
The Blacklist,United States
The Boarding School,Spain
The Boat,Spain
The Boss Baby,United States
The Boss Baby,United States
The Bridge,Sweden
The Bureau of Magical Things,Australia
The Capture,United Kingdom
The Chef Show,United States
The Chosen,United States
The Circle,United States
The Club,Turkey
The Confession Tapes,United States
The Conners,United States
The Creature Cases,United States
The Crown,United Kingdom
The Cuphead Show!,Canada
The Dangers in My Heart,Japan
The Devil's Plan,South Korea
The Diplomat,United States
The Disastrous Life of Saiki K.,Japan
The Dragon Prince,United States
The Durrells,United Kingdom
The Eggies,Malaysia
The Empress,Germany
The End of the F***ing World,United Kingdom
The Envoys,Argentina
The Epic Tales of Captain Underpants,United States
The Equalizer (2021),United States
The Exchange,Kuwait
The Fairly OddParents,United States
The Fairly OddParents,United States
The Fall,United Kingdom
The Family Business,France
The Flash (2014):,United States
The Forsyte Saga (2002),United Kingdom
The Full-Time Wife Escapist,Japan
The Game (2006),United States
The Garfield Show,France
The Gift,Turkey
The Good Detective,South Korea
The Good Doctor,United States
The Good Place,United States
The Great British Baking Show,United Kingdom
The Great British Baking Show,United Kingdom
The Great British Baking Show: The Professionals,United Kingdom
The Great Indian Kapil Show,India
The Green Glove Gang,Poland
The Hollow,Canada
The Hook Up Plan,France
The Hour,United Kingdom
The House of Flowers,Mexico
The Hughleys,United States
The InBESTigators,Australia
The IT Crowd,United Kingdom
The Jamie Foxx Show,United States
The Job Lot,United Kingdom
The Kominsky Method,United States
The Last Kids on Earth,United States
The Last Kingdom,United Kingdom
The Law According to Lidia Poët,Italy
The Letdown,Australia
The Life and Movies of Erşan Kuneri,Turkey
The Lincoln Lawyer,United States
The Looney Tunes Show,United States
The Loud House,United States
The Madame Blanc Mysteries,United Kingdom
The Magic School Bus Rides Again,Canada
The Manny ,Mexico
The Marked Heart,Colombia
The Mechanism,Brazil
The Millionaire Matchmaker,United States
"The Mind, Explained",United States
The Mindy Project,United States
The Misfit of Demon King Academy,Japan
The Missing,United Kingdom
The Mole,Belgium
The Naked Director,Japan
The New Black,Israel
The New Legends of Monkey,Australia
The Night Agent,United States
The OA,United States
The Office (U.S.),United States
The Order,United States
The Other One (2017),United Kingdom
The Parisian Agency: Exclusive Properties,France
The Parkers,United States
The Penthouse: War in Life,South Korea
The Politician,United States
The Powerpuff Girls (1998),United States
The Professor,Italy
The Promised Neverland,Japan
The Protector,Turkey
The Queen of Flow,Colombia
The Quintessential Quintuplets ,Japan
The Rain,Denmark
The Ranch,United States
The Real Housewives of Beverly Hills,United States
The Real Housewives of Salt Lake City,United States
The Recruit,United States
The Resident,United States
The Rising of the Shield Hero,Japan
The Road to Red Restaurants List,Japan
The Rookie,United States
The Royals (2015),United States
The Saintʼs Magic Power Is Omnipotent,Japan
The Sea Beyond,Italy
The Sinner: Season 4,United States
The Smurfs (2021),Belgium
The Snow Girl,Spain
The Tailor,Turkey
The Thin Blue Line,Sweden
The Thundermans,United States
The Tom and Jerry Show,United States
The Tourist,United Kingdom
The Ultimatum: Marry or Move On,United States
The Ultimatum: Queer Love,United States
The Umbrella Academy,United States
The Unbroken Voice,Colombia
The Uncanny Counter,South Korea
The UnXplained,United States
The Upshaws,United States
The Vampire Diaries,United States
The Venture Bros,United States
The Victims' Game,Taiwan
The Walking Dead,United States
The War Next-door,Mexico
The Way of the Househusband,Japan
"The Wiggles: Ready, Steady, Wiggle",Australia
The Witcher,Poland
The Wonder Years (2021),United States
The World's Most Amazing Vacation Rentals,United States
The Worst Witch,United Kingdom
This Is Us,United States
Thomas & Friends: All Engines Go,United States
Thomas and Friends,United Kingdom
Tiny House Nation,United States
Tires,United States
Titans,United States
Titipo Titipo,South Korea
Tobot Galaxy Detectives,South Korea
Toilet-bound Hanako-kun,Japan
Tom and Jerry Tales,United States
Too Hot to Handle: Brazil,Brazil
Too Hot to Handle: Germany,Germany
Too Hot to Handle,United Kingdom
Top Boy,United Kingdom
Top Boy: Summerhouse,United Kingdom
Top Chef (2006),United States
Toriroti,South Korea
Totally Spies!,France
Tour de France: Unchained,France
Tower of God,South Korea
Toy Boy,Spain
Trailer Park Boys: Jail,Canada
Trailer Park Boys,Canada
Trailer Park Boys,Canada
Transformers Earthspark,United States
Transplant,Canada
Trash Truck,United States
Travelers,Canada
Treehouse Detectives,United States
Trinkets,United States
Trollhunters: Tales of Arcadia,United States
Trolls: The Beat Goes On!,United States
True Blood,United States
Tschugger,Switzerland
Türkisch für Anfänger,Germany
Ugly Betty,United States
Ultraman,Japan
Umamusume: Pretty Derby,Japan
Un-Real,United States
Unauthorized Living,Spain
Unbreakable Kimmy Schmidt,United States
Undercover,Belgium
Unforgotten,United Kingdom
Unicorn Academy,Canada
Unseen,South Africa
Unsolved Mysteries,United States
Unstable,United States
Upin&Ipin,Malaysia
Upper Middle Bogan,Australia
URUSEIYATSURA,Japan
Ushijima The Loan Shark,Japan
Valeria,Spain
Valle Salvaje,Spain
Van Helsing,United States
Vanderpump Rules,United States
Victoria (2016),United Kingdom
Victorious,United States
Vikings (2013),Ireland
Vikings: Valhalla,United States
VINLAND SAGA,Japan
Viola come il mare,Italy
Virgin River,United States
Wakfu,France
War Girls,Poland
Warrior (2019),United States
Warrior Nun,United States
Welcome to Demon School!  Iruma-kun,Japan
Welcome to Eden,Spain
Welcome to Waikiki // 으라차차 와이키키,South Korea
What Did You Eat Yesterday?,Japan
When Missing Turns to Murder,United Kingdom
Whenever Possible,South Korea
White Collar,United States
White Gold,United Kingdom
Whitechapel,United Kingdom
Who Killed Sara?,Mexico
Wild District,Colombia
Wild Kratts,Canada
Wildfire (2005),United States
Wildflower,Philippines
Woman of the Dead,Austria
Women of Mafia,Poland
Wonderoos,United States
Word Party,United States
Workin' Moms,Canada
World Dice Tour,South Korea
World of Winx,Italy
World Trigger,Japan
Worst Roommate Ever,United States
Wrong Side of the Tracks,Spain
Wynonna Earp,Canada
"XO, Kitty",United States
Yeh Kaali Kaali Ankhein,India
Yellowjackets,United States
Yellowstone,United States
YooHoo to the Rescue,South Korea
You Can’t Ask That,Australia
You Me Her,United States
You,United States
Young Doctors,Germany
Young Justice,United States
Young Sheldon,United States
"Young, Famous & African",South Africa
Younger:,United States
Your Honor (2020),United States
Yu Yu Hakusho,Japan
Yu-Gi-Oh!,Japan
Zig & Sharko,France
Zoey 101,United States